observation_date,PCE,PERCENTAGE
1959-01-01,"306,1","1092855,00%"
1959-02-01,"309,6","1094580,00%"
1959-03-01,"312,7","1096135,00%"
1959-04-01,"312,2","1097660,00%"
1959-05-01,"316,1","1099355,00%"
1959-06-01,"318,2","1101010,00%"
1959-07-01,"317,8","1102490,00%"
1959-08-01,"320,2","1104160,00%"
1959-09-01,"324,2","1105910,00%"
1959-10-01,"322,8","1107340,00%"
1959-11-01,"322,9","1108895,00%"
1959-12-01,"322,9","1110395,00%"
1960-01-01,"323,6","1111980,00%"
1960-02-01,"325,3","1113615,00%"
1960-03-01,"330,2","1115310,00%"
1960-04-01,"336,5","1117175,00%"
1960-05-01,330,"1118350,00%"
1960-06-01,"330,1","1119905,00%"
1960-07-01,"331,4","1121470,00%"
1960-08-01,"331,6","1123030,00%"
1960-09-01,"333,4","1124670,00%"
1960-10-01,"335,4","1126270,00%"
1960-11-01,"335,4","1127820,00%"
1960-12-01,"331,3","1129115,00%"
1961-01-01,"332,2","1130710,00%"
1961-02-01,"333,7","1132335,00%"
1961-03-01,"337,7","1133935,00%"
1961-04-01,"337,6","1135480,00%"
1961-05-01,"339,9","1137095,00%"
1961-06-01,"340,9","1138695,00%"
1961-07-01,"340,6","1140180,00%"
1961-08-01,"342,1","1141805,00%"
1961-09-01,"344,4","1143470,00%"
1961-10-01,"346,5","1145075,00%"
1961-11-01,"349,9","1146795,00%"
1961-12-01,"352,4","1148420,00%"
1962-01-01,"353,2","1150010,00%"
1962-02-01,354,"1151600,00%"
1962-03-01,"357,4","1153170,00%"
1962-04-01,359,"1154800,00%"
1962-05-01,362,"1156450,00%"
1962-06-01,"360,4","1157920,00%"
1962-07-01,"361,4","1159470,00%"
1962-08-01,"362,9","1161095,00%"
1962-09-01,"368,8","1162940,00%"
1962-10-01,"366,5","1164325,00%"
1962-11-01,"371,7","1166135,00%"
1962-12-01,"373,6","1167730,00%"
1963-01-01,"374,4","1169320,00%"
1963-02-01,"373,4","1170820,00%"
1963-03-01,375,"1172300,00%"
1963-04-01,"376,4","1173920,00%"
1963-05-01,"377,2","1175460,00%"
1963-06-01,"381,7","1177235,00%"
1963-07-01,"384,4","1178870,00%"
1963-08-01,"386,3","1180515,00%"
1963-09-01,"385,5","1182025,00%"
1963-10-01,386,"1183550,00%"
1963-11-01,"389,4","1185270,00%"
1963-12-01,"394,7","1187035,00%"
1964-01-01,"396,8","1188690,00%"
1964-02-01,"400,2","1190410,00%"
1964-03-01,"401,8","1191940,00%"
1964-04-01,"402,8","1193540,00%"
1964-05-01,"408,4","1195320,00%"
1964-06-01,"411,4","1197020,00%"
1964-07-01,"414,9","1198695,00%"
1964-08-01,"417,7","1200385,00%"
1964-09-01,"416,6","1201880,00%"
1964-10-01,"419,6","1203530,00%"
1964-11-01,"416,4","1204920,00%"
1964-12-01,421,"1206650,00%"
1965-01-01,"424,4","1208370,00%"
1965-02-01,"431,4","1210270,00%"
1965-03-01,"433,3","1211765,00%"
1965-04-01,"437,1","1213505,00%"
1965-05-01,"437,6","1215030,00%"
1965-06-01,"435,2","1216460,00%"
1965-07-01,441,"1218250,00%"
1965-08-01,"444,4","1219970,00%"
1965-09-01,452,"1221900,00%"
1965-10-01,"458,5","1223725,00%"
1965-11-01,"459,1","1225305,00%"
1965-12-01,"461,7","1226935,00%"
1966-01-01,"465,2","1228660,00%"
1966-02-01,"470,2","1230460,00%"
1966-03-01,475,"1232100,00%"
1966-04-01,"476,9","1233745,00%"
1966-05-01,"473,1","1235055,00%"
1966-06-01,"475,5","1236725,00%"
1966-07-01,"480,6","1238480,00%"
1966-08-01,"483,2","1240160,00%"
1966-09-01,"489,2","1242010,00%"
1966-10-01,"488,3","1243465,00%"
1966-11-01,"490,1","1245105,00%"
1966-12-01,"491,8","1246690,00%"
1967-01-01,"494,2","1248360,00%"
1967-02-01,493,"1249850,00%"
1967-03-01,"495,8","1251390,00%"
1967-04-01,"501,3","1253215,00%"
1967-05-01,"502,2","1254760,00%"
1967-06-01,"506,8","1256540,00%"
1967-07-01,"506,7","1258035,00%"
1967-08-01,"509,8","1259740,00%"
1967-09-01,"515,6","1261580,00%"
1967-10-01,"512,2","1262910,00%"
1967-11-01,"517,4","1264720,00%"
1967-12-01,"525,1","1266605,00%"
1968-01-01,"530,9","1268445,00%"
1968-02-01,"533,6","1270130,00%"
1968-03-01,"544,3","1272115,00%"
1968-04-01,544,"1273650,00%"
1968-05-01,"549,8","1275440,00%"
1968-06-01,"556,3","1277315,00%"
1968-07-01,"563,2","1279160,00%"
1968-08-01,567,"1280900,00%"
1968-09-01,"568,2","1282510,00%"
1968-10-01,"571,6","1284180,00%"
1968-11-01,"576,7","1285985,00%"
1968-12-01,"576,5","1287475,00%"
1969-01-01,"583,5","1289375,00%"
1969-02-01,"588,7","1291185,00%"
1969-03-01,"588,9","1292595,00%"
1969-04-01,"593,9","1294395,00%"
1969-05-01,"600,3","1296215,00%"
1969-06-01,"600,9","1297795,00%"
1969-07-01,"602,7","1299385,00%"
1969-08-01,"609,9","1301295,00%"
1969-09-01,"613,2","1303010,00%"
1969-10-01,"618,5","1304775,00%"
1969-11-01,"620,5","1306425,00%"
1969-12-01,"622,8","1308040,00%"
1970-01-01,"628,7","1309885,00%"
1970-02-01,634,"1311700,00%"
1970-03-01,"632,3","1313015,00%"
1970-04-01,636,"1314750,00%"
1970-05-01,"642,4","1316570,00%"
1970-06-01,"646,3","1318315,00%"
1970-07-01,"648,5","1319925,00%"
1970-08-01,"652,9","1321695,00%"
1970-09-01,"659,1","1323555,00%"
1970-10-01,"658,3","1325015,00%"
1970-11-01,"656,6","1326480,00%"
1970-12-01,"665,6","1328430,00%"
1971-01-01,"676,1","1330505,00%"
1971-02-01,"679,4","1332220,00%"
1971-03-01,682,"1333750,00%"
1971-04-01,"688,8","1335640,00%"
1971-05-01,"691,1","1337255,00%"
1971-06-01,"699,8","1339240,00%"
1971-07-01,"698,9","1340695,00%"
1971-08-01,"704,9","1342545,00%"
1971-09-01,713,"1344500,00%"
1971-10-01,"715,8","1346140,00%"
1971-11-01,"720,9","1347945,00%"
1971-12-01,"728,4","1349820,00%"
1972-01-01,"731,5","1351525,00%"
1972-02-01,"736,2","1353310,00%"
1972-03-01,"749,2","1355410,00%"
1972-04-01,"752,5","1357125,00%"
1972-05-01,758,"1358900,00%"
1972-06-01,"761,6","1360630,00%"
1972-07-01,"769,9","1362545,00%"
1972-08-01,"776,3","1364415,00%"
1972-09-01,"781,1","1366205,00%"
1972-10-01,"794,9","1368395,00%"
1972-11-01,"800,5","1370225,00%"
1972-12-01,"806,1","1372005,00%"
1973-01-01,"816,5","1374075,00%"
1973-02-01,"825,8","1376090,00%"
1973-03-01,"832,8","1377840,00%"
1973-04-01,"835,7","1379535,00%"
1973-05-01,"841,6","1381330,00%"
1973-06-01,"844,3","1383015,00%"
1973-07-01,"854,1","1385005,00%"
1973-08-01,"853,3","1386515,00%"
1973-09-01,"869,2","1388860,00%"
1973-10-01,"868,2","1390310,00%"
1973-11-01,"876,9","1392295,00%"
1973-12-01,"876,6","1393780,00%"
1974-01-01,"884,5","1395725,00%"
1974-02-01,"889,7","1397535,00%"
1974-03-01,"901,4","1399520,00%"
1974-04-01,"910,8","1401540,00%"
1974-05-01,"922,4","1403620,00%"
1974-06-01,928,"1405450,00%"
1974-07-01,"937,9","1407445,00%"
1974-08-01,"954,8","1409840,00%"
1974-09-01,"955,1","1411405,00%"
1974-10-01,"959,2","1413110,00%"
1974-11-01,"956,2","1414510,00%"
1974-12-01,"961,8","1416290,00%"
1975-01-01,"975,6","1418530,00%"
1975-02-01,"989,4","1420770,00%"
1975-03-01,"990,6","1422230,00%"
1975-04-01,995,"1424000,00%"
1975-05-01,"1018,9","1426695,00%"
1975-06-01,"1026,8","1428640,00%"
1975-07-01,"1039,8","1430790,00%"
1975-08-01,1047,"1432700,00%"
1975-09-01,"1054,8","1434640,00%"
1975-10-01,"1060,9","1436445,00%"
1975-11-01,"1075,8","1438740,00%"
1975-12-01,"1092,1","1441055,00%"
1976-01-01,"1107,1","1443355,00%"
1976-02-01,"1107,7","1444935,00%"
1976-03-01,"1114,9","1446745,00%"
1976-04-01,"1125,4","1448820,00%"
1976-05-01,"1122,7","1450185,00%"
1976-06-01,"1140,5","1452625,00%"
1976-07-01,"1149,6","1454580,00%"
1976-08-01,1158,"1456550,00%"
1976-09-01,"1168,8","1458640,00%"
1976-10-01,"1176,8","1460540,00%"
1976-11-01,1189,"1462700,00%"
1976-12-01,"1211,5","1465325,00%"
1977-01-01,1215,"1467050,00%"
1977-02-01,"1231,3","1469415,00%"
1977-03-01,"1238,3","1471165,00%"
1977-04-01,"1247,3","1473165,00%"
1977-05-01,"1257,1","1475155,00%"
1977-06-01,"1263,6","1477030,00%"
1977-07-01,"1280,5","1479375,00%"
1977-08-01,"1285,7","1481185,00%"
1977-09-01,"1294,5","1483175,00%"
1977-10-01,"1311,4","1485520,00%"
1977-11-01,1327,"1487850,00%"
1977-12-01,1336,"1489800,00%"
1978-01-01,"1329,5","1491025,00%"
1978-02-01,"1355,1","1493855,00%"
1978-03-01,"1377,5","1496375,00%"
1978-04-01,"1396,4","1498870,00%"
1978-05-01,1412,"1501150,00%"
1978-06-01,"1425,8","1503390,00%"
1978-07-01,"1426,8","1504940,00%"
1978-08-01,1447,"1507500,00%"
1978-09-01,"1452,9","1509345,00%"
1978-10-01,"1466,9","1511545,00%"
1978-11-01,"1480,6","1513780,00%"
1978-12-01,"1496,5","1516075,00%"
1979-01-01,"1502,4","1517920,00%"
1979-02-01,"1517,8","1520240,00%"
1979-03-01,"1531,2","1522310,00%"
1979-04-01,"1538,4","1524220,00%"
1979-05-01,"1558,8","1526740,00%"
1979-06-01,"1575,7","1529135,00%"
1979-07-01,"1586,1","1531155,00%"
1979-08-01,"1615,6","1534180,00%"
1979-09-01,"1633,9","1536645,00%"
1979-10-01,"1641,6","1538530,00%"
1979-11-01,"1657,3","1540865,00%"
1979-12-01,"1666,3","1542815,00%"
1980-01-01,"1697,3","1545915,00%"
1980-02-01,"1701,4","1547670,00%"
1980-03-01,"1708,2","1549460,00%"
1980-04-01,"1695,2","1550360,00%"
1980-05-01,"1700,1","1552105,00%"
1980-06-01,"1718,8","1554590,00%"
1980-07-01,"1747,1","1557505,00%"
1980-08-01,"1763,8","1559890,00%"
1980-09-01,"1780,5","1562275,00%"
1980-10-01,"1817,1","1565605,00%"
1980-11-01,"1826,8","1567640,00%"
1980-12-01,"1851,7","1570385,00%"
1981-01-01,1870,"1572850,00%"
1981-02-01,"1884,2","1575110,00%"
1981-03-01,"1902,9","1577445,00%"
1981-04-01,"1904,4","1579070,00%"
1981-05-01,"1913,8","1581040,00%"
1981-06-01,"1934,5","1583625,00%"
1981-07-01,"1942,1","1585505,00%"
1981-08-01,"1966,6","1588280,00%"
1981-09-01,"1965,5","1589775,00%"
1981-10-01,"1963,9","1591195,00%"
1981-11-01,"1970,6","1593080,00%"
1981-12-01,"1988,8","1595490,00%"
1982-01-01,"1997,1","1597455,00%"
1982-02-01,"2021,2","1600210,00%"
1982-03-01,"2024,1","1601755,00%"
1982-04-01,"2026,3","1603415,00%"
1982-05-01,"2044,5","1605825,00%"
1982-06-01,"2048,1","1607555,00%"
1982-07-01,"2072,2","1610260,00%"
1982-08-01,"2080,1","1612205,00%"
1982-09-01,"2104,6","1614980,00%"
1982-10-01,"2125,8","1617540,00%"
1982-11-01,"2149,3","1620265,00%"
1982-12-01,"2161,6","1622380,00%"
1983-01-01,2174,"1624550,00%"
1983-02-01,2177,"1626250,00%"
1983-03-01,"2202,8","1628940,00%"
1983-04-01,"2226,4","1631670,00%"
1983-05-01,"2245,9","1634145,00%"
1983-06-01,2276,"1637200,00%"
1983-07-01,"2304,4","1640120,00%"
1983-08-01,"2320,4","1642470,00%"
1983-09-01,"2334,9","1644745,00%"
1983-10-01,"2357,6","1647380,00%"
1983-11-01,"2366,3","1649365,00%"
1983-12-01,"2393,6","1652230,00%"
1984-01-01,"2419,4","1655070,00%"
1984-02-01,"2403,5","1655825,00%"
1984-03-01,"2431,6","1658680,00%"
1984-04-01,"2457,5","1661525,00%"
1984-05-01,"2474,5","1663875,00%"
1984-06-01,"2495,6","1666480,00%"
1984-07-01,"2494,6","1667930,00%"
1984-08-01,"2512,2","1670360,00%"
1984-09-01,"2533,8","1672990,00%"
1984-10-01,"2531,3","1674365,00%"
1984-11-01,"2571,4","1677920,00%"
1984-12-01,"2582,6","1679980,00%"
1985-01-01,"2618,8","1683340,00%"
1985-02-01,"2640,8","1685990,00%"
1985-03-01,"2648,5","1687775,00%"
1985-04-01,"2659,5","1689875,00%"
1985-05-01,"2696,4","1693220,00%"
1985-06-01,"2689,4","1694420,00%"
1985-07-01,"2715,7","1697235,00%"
1985-08-01,"2752,1","1700605,00%"
1985-09-01,"2794,7","1704285,00%"
1985-10-01,"2755,8","1703840,00%"
1985-11-01,"2771,1","1706155,00%"
1985-12-01,"2811,3","1709665,00%"
1986-01-01,"2827,1","1712005,00%"
1986-02-01,"2820,2","1713210,00%"
1986-03-01,"2823,6","1714780,00%"
1986-04-01,"2835,2","1716910,00%"
1986-05-01,"2857,5","1719525,00%"
1986-06-01,"2861,7","1721285,00%"
1986-07-01,"2881,2","1723760,00%"
1986-08-01,"2898,6","1726180,00%"
1986-09-01,"2971,8","1731390,00%"
1986-10-01,"2932,9","1730945,00%"
1986-11-01,"2928,4","1732270,00%"
1986-12-01,"2997,1","1737205,00%"
1987-01-01,"2935,5","1735675,00%"
1987-02-01,"3001,7","1740535,00%"
1987-03-01,"3013,3","1742515,00%"
1987-04-01,"3038,8","1745340,00%"
1987-05-01,"3048,4","1747320,00%"
1987-06-01,"3072,8","1750090,00%"
1987-07-01,"3094,7","1752685,00%"
1987-08-01,"3130,8","1756040,00%"
1987-09-01,"3126,5","1757375,00%"
1987-10-01,"3134,5","1759275,00%"
1987-11-01,"3144,2","1761310,00%"
1987-12-01,"3174,1","1764305,00%"
1988-01-01,"3213,7","1767835,00%"
1988-02-01,"3221,4","1769770,00%"
1988-03-01,"3260,5","1773175,00%"
1988-04-01,3263,"1774850,00%"
1988-05-01,"3293,6","1777880,00%"
1988-06-01,"3318,5","1780675,00%"
1988-07-01,"3342,7","1783385,00%"
1988-08-01,3368,"1786200,00%"
1988-09-01,3375,"1788100,00%"
1988-10-01,"3413,7","1791535,00%"
1988-11-01,"3430,2","1793910,00%"
1988-12-01,"3459,7","1796885,00%"
1989-01-01,"3483,7","1799635,00%"
1989-02-01,3488,"1801400,00%"
1989-03-01,"3498,8","1803340,00%"
1989-04-01,3543,"1807100,00%"
1989-05-01,"3551,8","1809040,00%"
1989-06-01,"3566,6","1811330,00%"
1989-07-01,"3585,7","1813785,00%"
1989-08-01,"3620,6","1817080,00%"
1989-09-01,"3621,9","1818695,00%"
1989-10-01,"3633,6","1820780,00%"
1989-11-01,"3643,3","1822815,00%"
1989-12-01,"3684,2","1826360,00%"
1990-01-01,"3730,7","1830235,00%"
1990-02-01,"3728,2","1831660,00%"
1990-03-01,"3754,9","1834395,00%"
1990-04-01,3770,"1836700,00%"
1990-05-01,"3775,8","1838490,00%"
1990-06-01,"3804,5","1841475,00%"
1990-07-01,"3821,7","1843835,00%"
1990-08-01,"3848,3","1846715,00%"
1990-09-01,"3870,1","1849355,00%"
1990-10-01,"3870,6","1850880,00%"
1990-11-01,"3871,9","1852495,00%"
1990-12-01,"3861,3","1853465,00%"
1991-01-01,3841,"1854000,00%"
1991-02-01,"3866,7","1856835,00%"
1991-03-01,3913,"1860550,00%"
1991-04-01,"3907,1","1861805,00%"
1991-05-01,"3933,2","1864610,00%"
1991-06-01,"3940,5","1866525,00%"
1991-07-01,3966,"1869300,00%"
1991-08-01,"3969,1","1871005,00%"
1991-09-01,"3984,7","1873335,00%"
1991-10-01,3976,"1874400,00%"
1991-11-01,"4003,6","1877330,00%"
1991-12-01,"4020,5","1879675,00%"
1992-01-01,"4084,7","1884435,00%"
1992-02-01,"4099,5","1886725,00%"
1992-03-01,4117,"1889050,00%"
1992-04-01,"4131,5","1891325,00%"
1992-05-01,"4158,4","1894170,00%"
1992-06-01,"4177,1","1896655,00%"
1992-07-01,"4204,8","1899540,00%"
1992-08-01,"4220,9","1901895,00%"
1992-09-01,"4255,3","1905165,00%"
1992-10-01,"4284,7","1908135,00%"
1992-11-01,"4300,5","1910475,00%"
1992-12-01,"4336,4","1913770,00%"
1993-01-01,"4340,7","1915535,00%"
1993-02-01,"4355,3","1917815,00%"
1993-03-01,"4352,5","1919075,00%"
1993-04-01,"4393,4","1922670,00%"
1993-05-01,"4422,4","1925620,00%"
1993-06-01,4440,"1928050,00%"
1993-07-01,"4468,9","1930995,00%"
1993-08-01,"4481,1","1933155,00%"
1993-09-01,"4511,5","1936225,00%"
1993-10-01,"4532,8","1938790,00%"
1993-11-01,"4554,1","1941405,00%"
1993-12-01,"4571,1","1943755,00%"
1994-01-01,"4585,1","1946005,00%"
1994-02-01,"4632,6","1949930,00%"
1994-03-01,4646,"1952000,00%"
1994-04-01,"4671,1","1954805,00%"
1994-05-01,"4669,5","1956225,00%"
1994-06-01,"4708,9","1959745,00%"
1994-07-01,"4720,6","1961830,00%"
1994-08-01,"4762,6","1965480,00%"
1994-09-01,4775,"1967650,00%"
1994-10-01,"4812,9","1971045,00%"
1994-11-01,"4825,6","1973230,00%"
1994-12-01,"4841,6","1975530,00%"
1995-01-01,"4851,2","1977560,00%"
1995-02-01,"4850,8","1979090,00%"
1995-03-01,"4885,4","1982220,00%"
1995-04-01,"4890,2","1984010,00%"
1995-05-01,"4933,1","1987655,00%"
1995-06-01,"4977,5","1991425,00%"
1995-07-01,"4970,2","1992560,00%"
1995-08-01,"5005,3","1995865,00%"
1995-09-01,"5020,5","1998175,00%"
1995-10-01,"5013,9","1999345,00%"
1995-11-01,"5055,6","2002980,00%"
1995-12-01,"5097,5","2006575,00%"
1996-01-01,"5085,7","2007535,00%"
1996-02-01,"5132,8","2011440,00%"
1996-03-01,"5173,3","2014915,00%"
1996-04-01,5208,"2018200,00%"
1996-05-01,"5223,8","2020490,00%"
1996-06-01,"5229,8","2022340,00%"
1996-07-01,"5251,9","2024945,00%"
1996-08-01,5275,"2027650,00%"
1996-09-01,"5296,6","2030280,00%"
1996-10-01,"5328,5","2033375,00%"
1996-11-01,"5351,2","2036060,00%"
1996-12-01,"5378,6","2038930,00%"
1997-01-01,"5411,1","2042105,00%"
1997-02-01,5434,"2044800,00%"
1997-03-01,"5454,2","2047210,00%"
1997-04-01,"5459,3","2049015,00%"
1997-05-01,"5460,2","2050560,00%"
1997-06-01,"5494,2","2053810,00%"
1997-07-01,"5548,8","2058040,00%"
1997-08-01,5587,"2061500,00%"
1997-09-01,"5601,7","2063785,00%"
1997-10-01,"5637,7","2067085,00%"
1997-11-01,"5661,1","2069805,00%"
1997-12-01,"5692,1","2072855,00%"
1998-01-01,"5689,9","2074295,00%"
1998-02-01,"5723,8","2077540,00%"
1998-03-01,"5750,3","2080265,00%"
1998-04-01,"5788,1","2083705,00%"
1998-05-01,"5837,9","2087695,00%"
1998-06-01,"5871,7","2090935,00%"
1998-07-01,5890,"2093350,00%"
1998-08-01,5925,"2096650,00%"
1998-09-01,"5965,6","2100230,00%"
1998-10-01,"5998,8","2103390,00%"
1998-11-01,"6015,4","2105770,00%"
1998-12-01,"6070,5","2110025,00%"
1999-01-01,"6073,9","2111745,00%"
1999-02-01,"6099,2","2114560,00%"
1999-03-01,6133,"2117650,00%"
1999-04-01,"6199,5","2122525,00%"
1999-05-01,"6232,1","2125655,00%"
1999-06-01,"6260,3","2128615,00%"
1999-07-01,"6287,6","2131480,00%"
1999-08-01,"6331,9","2135245,00%"
1999-09-01,"6386,5","2139525,00%"
1999-10-01,"6411,4","2142270,00%"
1999-11-01,"6448,7","2145685,00%"
1999-12-01,6541,"2151800,00%"
2000-01-01,"6542,9","2153445,00%"
2000-02-01,"6625,3","2159115,00%"
2000-03-01,"6686,5","2163625,00%"
2000-04-01,"6679,1","2164805,00%"
2000-05-01,"6709,7","2167835,00%"
2000-06-01,"6746,9","2171245,00%"
2000-07-01,"6768,5","2173825,00%"
2000-08-01,"6802,8","2177090,00%"
2000-09-01,"6888,6","2182930,00%"
2000-10-01,"6893,8","2184690,00%"
2000-11-01,"6909,8","2187040,00%"
2000-12-01,"6952,2","2190660,00%"
2001-01-01,"6987,4","2193970,00%"
2001-02-01,"7001,8","2196240,00%"
2001-03-01,"6996,7","2197385,00%"
2001-04-01,"7004,2","2199310,00%"
2001-05-01,"7052,8","2203240,00%"
2001-06-01,"7069,7","2205635,00%"
2001-07-01,"7082,3","2207765,00%"
2001-08-01,"7121,7","2211285,00%"
2001-09-01,7007,"2207100,00%"
2001-10-01,"7212,9","2218895,00%"
2001-11-01,"7182,3","2218915,00%"
2001-12-01,"7166,7","2219635,00%"
2002-01-01,"7184,6","2222080,00%"
2002-02-01,"7225,2","2225660,00%"
2002-03-01,"7243,4","2227970,00%"
2002-04-01,"7312,5","2232975,00%"
2002-05-01,"7288,9","2233295,00%"
2002-06-01,"7322,5","2236525,00%"
2002-07-01,"7387,3","2241265,00%"
2002-08-01,"7412,6","2244080,00%"
2002-09-01,"7391,5","2244575,00%"
2002-10-01,"7435,2","2248260,00%"
2002-11-01,"7463,8","2251240,00%"
2002-12-01,"7519,9","2255545,00%"
2003-01-01,"7541,3","2258165,00%"
2003-02-01,"7548,6","2260080,00%"
2003-03-01,"7611,5","2264625,00%"
2003-04-01,"7634,5","2267325,00%"
2003-05-01,"7650,3","2269615,00%"
2003-06-01,"7699,6","2273630,00%"
2003-07-01,7757,"2278000,00%"
2003-08-01,"7852,1","2284305,00%"
2003-09-01,"7853,7","2285935,00%"
2003-10-01,"7867,4","2288120,00%"
2003-11-01,"7922,6","2292430,00%"
2003-12-01,"7950,4","2295320,00%"
2004-01-01,"8007,1","2299705,00%"
2004-02-01,"8040,4","2302920,00%"
2004-03-01,"8098,8","2307290,00%"
2004-04-01,"8107,2","2309260,00%"
2004-05-01,"8176,5","2314225,00%"
2004-06-01,"8157,6","2314830,00%"
2004-07-01,"8236,9","2320295,00%"
2004-08-01,"8271,6","2323580,00%"
2004-09-01,"8341,5","2328625,00%"
2004-10-01,"8397,1","2332905,00%"
2004-11-01,"8444,5","2336825,00%"
2004-12-01,"8504,4","2341320,00%"
2005-01-01,"8497,7","2342535,00%"
2005-02-01,"8559,1","2347155,00%"
2005-03-01,"8598,4","2350520,00%"
2005-04-01,"8678,4","2356070,00%"
2005-05-01,"8671,6","2357230,00%"
2005-06-01,"8753,4","2362870,00%"
2005-07-01,"8853,8","2369390,00%"
2005-08-01,"8850,1","2370755,00%"
2005-09-01,"8900,4","2374820,00%"
2005-10-01,"8938,5","2378225,00%"
2005-11-01,"8946,2","2380160,00%"
2005-12-01,"8981,1","2383405,00%"
2006-01-01,"9071,6","2389480,00%"
2006-02-01,9096,"2392250,00%"
2006-03-01,"9132,9","2395495,00%"
2006-04-01,"9191,6","2399980,00%"
2006-05-01,"9231,8","2403490,00%"
2006-06-01,"9259,6","2406430,00%"
2006-07-01,"9343,8","2412140,00%"
2006-08-01,"9342,2","2413610,00%"
2006-09-01,"9375,4","2416820,00%"
2006-10-01,"9393,6","2419230,00%"
2006-11-01,"9400,2","2421110,00%"
2006-12-01,"9488,3","2427015,00%"
2007-01-01,"9538,7","2431085,00%"
2007-02-01,9566,"2434000,00%"
2007-03-01,"9611,7","2437685,00%"
2007-04-01,"9643,6","2440830,00%"
2007-05-01,"9685,8","2444440,00%"
2007-06-01,"9706,8","2447040,00%"
2007-07-01,"9751,1","2450755,00%"
2007-08-01,"9798,9","2454695,00%"
2007-09-01,"9845,1","2458555,00%"
2007-10-01,"9882,7","2461935,00%"
2007-11-01,"9955,9","2467145,00%"
2007-12-01,"9972,8","2469490,00%"
2008-01-01,"9996,4","2472220,00%"
2008-02-01,"9981,7","2473035,00%"
2008-03-01,"10035,3","2477165,00%"
2008-04-01,"10070,3","2480465,00%"
2008-05-01,"10132,3","2485065,00%"
2008-06-01,"10187,1","2489355,00%"
2008-07-01,"10185,1","2490755,00%"
2008-08-01,"10175,7","2491835,00%"
2008-09-01,"10116,4","2490420,00%"
2008-10-01,"10034,1","2487805,00%"
2008-11-01,"9885,2","2481910,00%"
2008-12-01,"9801,5","2479225,00%"
2009-01-01,"9847,2","2483060,00%"
2009-02-01,"9824,5","2483475,00%"
2009-03-01,"9773,2","2482310,00%"
2009-04-01,"9772,5","2483825,00%"
2009-05-01,"9791,6","2486280,00%"
2009-06-01,"9852,4","2490870,00%"
2009-07-01,"9886,3","2494065,00%"
2009-08-01,"10004,1","2501505,00%"
2009-09-01,"9927,8","2499240,00%"
2009-10-01,"9976,7","2503185,00%"
2009-11-01,"9985,7","2505185,00%"
2009-12-01,"10052,6","2510030,00%"
2010-01-01,"10056,1","2511755,00%"
2010-02-01,"10093,4","2515170,00%"
2010-03-01,10156,"2519700,00%"
2010-04-01,"10182,3","2522565,00%"
2010-05-01,"10210,8","2525490,00%"
2010-06-01,"10231,3","2528065,00%"
2010-07-01,"10268,1","2531405,00%"
2010-08-01,"10307,1","2534905,00%"
2010-09-01,"10327,1","2537455,00%"
2010-10-01,"10386,4","2541920,00%"
2010-11-01,"10433,6","2545830,00%"
2010-12-01,10471,"2549200,00%"
2011-01-01,"10514,3","2552915,00%"
2011-02-01,"10540,6","2555780,00%"
2011-03-01,"10619,7","2561135,00%"
2011-04-01,"10652,1","2564305,00%"
2011-05-01,"10672,2","2566810,00%"
2011-06-01,"10694,8","2569490,00%"
2011-07-01,"10731,6","2572830,00%"
2011-08-01,"10750,3","2575315,00%"
2011-09-01,"10783,2","2578510,00%"
2011-10-01,"10802,9","2580995,00%"
2011-11-01,"10806,8","2582740,00%"
2011-12-01,"10817,8","2584790,00%"
2012-01-01,"10896,8","2590290,00%"
2012-02-01,"10987,2","2596360,00%"
2012-03-01,"10993,9","2598145,00%"
2012-04-01,"11018,5","2600925,00%"
2012-05-01,"11006,8","2601840,00%"
2012-06-01,"10989,8","2602540,00%"
2012-07-01,"11016,8","2605390,00%"
2012-08-01,11056,"2608900,00%"
2012-09-01,"11105,3","2612915,00%"
2012-10-01,"11137,4","2616020,00%"
2012-11-01,"11178,4","2619620,00%"
2012-12-01,"11181,2","2621260,00%"
2013-01-01,"11252,4","2626370,00%"
2013-02-01,"11290,5","2629825,00%"
2013-03-01,"11290,1","2631205,00%"
2013-04-01,"11281,1","2632305,00%"
2013-05-01,"11321,6","2635830,00%"
2013-06-01,"11344,4","2638520,00%"
2013-07-01,"11372,6","2641430,00%"
2013-08-01,"11406,6","2644680,00%"
2013-09-01,"11445,9","2648195,00%"
2013-10-01,11498,"2652300,00%"
2013-11-01,"11562,5","2657075,00%"
2013-12-01,"11593,2","2660110,00%"
2014-01-01,"11578,8","2660940,00%"
2014-02-01,"11636,9","2665395,00%"
2014-03-01,"11722,3","2671065,00%"
2014-04-01,"11762,3","2674615,00%"
2014-05-01,"11807,3","2678365,00%"
2014-06-01,"11861,7","2682635,00%"
2014-07-01,"11904,4","2686270,00%"
2014-08-01,"11983,7","2691785,00%"
2014-09-01,"11991,4","2693720,00%"
2014-10-01,"12064,7","2698885,00%"
2014-11-01,"12083,9","2701395,00%"
2014-12-01,"12096,1","2703505,00%"
2015-01-01,"12066,7","2703585,00%"
2015-02-01,"12116,6","2707630,00%"
2015-03-01,"12176,1","2712005,00%"
2015-04-01,"12209,1","2715205,00%"
2015-05-01,"12275,4","2720020,00%"
2015-06-01,"12307,9","2723195,00%"
2015-07-01,"12364,9","2727545,00%"
2015-08-01,"12396,2","2730660,00%"
2015-09-01,"12386,4","2731720,00%"
2015-10-01,"12394,9","2733645,00%"
2015-11-01,"12423,2","2736610,00%"
2015-12-01,12452,"2739550,00%"
2016-01-01,12478,"2742400,00%"
2016-02-01,"12554,5","2747775,00%"
2016-03-01,12537,"2748350,00%"
2016-04-01,"12611,5","2753625,00%"
2016-05-01,"12652,7","2757185,00%"
2016-06-01,"12731,2","2762660,00%"
2016-07-01,"12756,7","2765435,00%"
2016-08-01,"12788,1","2768555,00%"
2016-09-01,"12846,6","2773030,00%"
2016-10-01,12867,"2775550,00%"
2016-11-01,12893,"2778400,00%"
2016-12-01,"13005,9","2785545,00%"
2017-01-01,"13063,7","2789985,00%"
2017-02-01,"13088,4","2792770,00%"
2017-03-01,"13139,9","2796745,00%"
2017-04-01,"13169,2","2799760,00%"
2017-05-01,"13171,9","2801395,00%"
2017-06-01,"13225,2","2805610,00%"
2017-07-01,"13263,3","2809015,00%"
2017-08-01,"13294,6","2812130,00%"
2017-09-01,"13417,3","2819815,00%"
2017-10-01,"13447,5","2822825,00%"
2017-11-01,"13540,6","2829030,00%"
2017-12-01,"13666,1","2836805,00%"
2018-01-01,"13703,3","2840215,00%"
2018-02-01,"13738,7","2843535,00%"
2018-03-01,"13793,2","2847660,00%"
2018-04-01,"13838,4","2851470,00%"
2018-05-01,13905,"2856300,00%"
2018-06-01,"13930,4","2859120,00%"
2018-07-01,"13974,8","2862840,00%"
2018-08-01,14014,"2866350,00%"
2018-09-01,"14017,8","2868090,00%"
2018-10-01,"14083,1","2872855,00%"
2018-11-01,"14162,9","2878395,00%"
2018-12-01,"14051,6","2874330,00%"
2019-01-01,"14084,6","2877530,00%"
2019-02-01,"14117,4","2880720,00%"
2019-03-01,"14248,6","2888680,00%"
2019-04-01,14290,"2892300,00%"
2019-05-01,"14353,3","2896965,00%"
2019-06-01,"14408,7","2901285,00%"
2019-07-01,14496,"2907150,00%"
2019-08-01,"14558,2","2911810,00%"
2019-09-01,"14590,6","2914980,00%"
2019-10-01,"14617,4","2917820,00%"
2019-11-01,14711,"2924050,00%"
2019-12-01,"14774,8","2928740,00%"
2020-01-01,"14844,3","2933765,00%"
2020-02-01,"14833,8","2934790,00%"
2020-03-01,"13810,5","2885075,00%"
2020-04-01,"12234,4","2807820,00%"
2020-05-01,"13251,7","2860185,00%"
2020-06-01,"14040,8","2901190,00%"
2020-07-01,"14303,8","2915840,00%"
2020-08-01,"14454,9","2924945,00%"
2020-09-01,"14675,4","2937520,00%"
2020-10-01,14726,"2941550,00%"
2020-11-01,"14704,9","2942045,00%"
2020-12-01,"14827,3","2949665,00%"
2021-01-01,"15081,5","2963925,00%"
2021-02-01,"14984,4","2960620,00%"
2021-03-01,"15712,4","2998420,00%"
2021-04-01,15915,"3010100,00%"
2021-05-01,"15950,5","3013375,00%"
2021-06-01,"16183,6","3026580,00%"
2021-07-01,"16223,5","3030075,00%"
2021-08-01,"16390,6","3039980,00%"
2021-09-01,"16477,5","3045875,00%"
2021-10-01,16694,"3058200,00%"
2021-11-01,16849,"3067500,00%"
2021-12-01,"16905,5","3071825,00%"
2022-01-01,"17017,8","3078990,00%"
2022-02-01,"17136,1","3086455,00%"
2022-03-01,"17371,4","3099620,00%"
2022-04-01,"17493,8","3107290,00%"
2022-05-01,"17569,9","3112595,00%"
2022-06-01,"17747,6","3123030,00%"
2022-07-01,17744,"3124350,00%"
2022-08-01,"17897,5","3133575,00%"
2022-09-01,"17987,2","3139610,00%"
2022-10-01,"18096,2","3146560,00%"
2022-11-01,18094,"3148000,00%"
2022-12-01,"18134,6","3151530,00%"
2023-01-01,"18475,2","3170110,00%"
2023-02-01,"18532,1","3174505,00%"
2023-03-01,"18511,3","3174865,00%"
2023-04-01,"18638,7","3182785,00%"
2023-05-01,"18676,4","3186170,00%"
2023-06-01,"18742,1","3191005,00%"
2023-07-01,"18850,5","3197925,00%"
2023-08-01,"18911,6","3202530,00%"
2023-09-01,"19024,9","3209745,00%"
2023-10-01,"19069,5","3213475,00%"
2023-11-01,19151,"3219100,00%"
2023-12-01,"19289,9","3227545,00%"
2024-01-01,"19308,5","3230025,00%"
2024-02-01,"19412,7","3236785,00%"
2024-03-01,"19553,2","3245260,00%"
2024-04-01,"19603,3","3249315,00%"
2024-05-01,"19697,3","3255515,00%"
2024-06-01,"19747,5","3259575,00%"
2024-07-01,"19866,3","3267015,00%"
2024-08-01,19905,"3270500,00%"
2024-09-01,"20044,1","3279005,00%"
2024-10-01,"20114,2","3284010,00%"
2024-11-01,"20195,5","3289625,00%"